Age,Gender,1. Which SHS strand did you take?,Mathematics,Science,English,Filipino,Social Studies,Business,Computer,Arts & Design,Communication & Public Speaking,Energy,Processing,Decision,Lifestyle,Self-Confidence & Stress Management,Fulfillment,Chore/Hobby,Opportunity Satisfaction,Strand Match  ,Choose Again,Feedback:,MBTI TYPE,MBTI GROUP
22,Male,STEM,4,4,5,5,2,3,5,1,2,5,2,1,5,3,3,5,5,"Yes, it aligned well with my personality and strengths.","Yes, I would choose the same strand.",,INTP,Analyst
20,Male,STEM,3,4,4,5,3,2,2,4,1,4,4,3,5,5,4,4,5,"No, it did not match my personality and strengths.","Yes, I would choose the same strand.",,ISTP,Explorer
19,Female,STEM,3,4,4,4,3,3,4,5,5,3,2,2,5,4,4,3,2,"No, it did not match my personality and strengths.","No, I would choose a different strand.",,ENTP,Analyst
19,Female,ABM,4,4,2,5,3,5,2,5,1,3,4,3,1,1,5,5,2,"Yes, it aligned well with my personality and strengths.","Yes, I would choose the same strand.",,ESTJ,Sentinel
21,Male,HUMSS,3,5,3,3,5,4,2,2,3,2,5,2,3,6,1,1,2,"No, it did not match my personality and strengths.","No, I would choose a different strand.",Okay ðŸ‘Œ,ESTJ,Sentinel
20,Female,STEM,1,2,4,3,3,3,3,4,1,5,5,5,4,5,3,3,3,"No, it did not match my personality and strengths.","No, I would choose a different strand.",,ISFP,Explorer
24,Male,ABM,4,4,4,4,4,4,4,2,5,3,5,3,5,2,4,4,4,"Yes, it aligned well with my personality and strengths.","Yes, I would choose the same strand.",,ESTP,Explorer
20,Male,HUMSS,5,5,5,5,3,4,3,3,3,6,6,6,6,6,1,5,5,"Yes, it aligned well with my personality and strengths.","Yes, I would choose the same strand.",nc I hope we never do it thanks cgc,ISFP,Explorer
20,Male,STEM,4,4,3,3,3,2,2,4,2,4,5,5,5,3,4,4,4,"Yes, it aligned well with my personality and strengths.","Yes, I would choose the same strand.",Thank you for letting me participate as a respondent!,ISFP,Explorer
22,Female,ABM,5,5,5,3,3,5,3,5,5,3,5,5,5,6,5,5,5,"Yes, it aligned well with my personality and strengths.","Yes, I would choose the same strand.",,ESFP,Explorer
18,Female,HUMSS,4,4,5,3,5,5,4,5,5,3,5,3,2,3,4,5,3,"Yes, it aligned well with my personality and strengths.","Yes, I would choose the same strand.",,ESTJ,Sentinel
22,Male,STEM,4,4,4,4,2,3,3,3,2,5,6,1,3,5,5,4,4,"Yes, it aligned well with my personality and strengths.","Yes, I would choose the same strand.",,ISTJ,Sentinel
18,Male,ABM,3,3,3,4,4,3,4,4,1,5,4,4,4,3,4,3,3,"Yes, it aligned well with my personality and strengths.","Yes, I would choose the same strand.",,ISFP,Explorer
16,Female,ABM,1,2,3,4,4,1,1,5,4,6,1,6,6,6,1,4,3,"No, it did not match my personality and strengths.","No, I would choose a different strand.","That's all, thank you.",INFP,Diplomat
16,Female,ABM,2,3,4,4,4,2,2,5,3,5,5,3,3,4,3,3,4,"Yes, it aligned well with my personality and strengths.","No, I would choose a different strand.",,ISTJ,Sentinel
16,Female,ABM,3,3,4,4,4,3,3,4,2,1,1,1,1,6,3,5,5,"Yes, it aligned well with my personality and strengths.","Yes, I would choose the same strand.",,ENTJ,Analyst
17,Female,ABM,3,3,4,5,4,3,3,4,4,5,3,3,3,4,3,3,3,"Yes, it aligned well with my personality and strengths.","Yes, I would choose the same strand.",,INTJ,Analyst
17,Female,ABM,3,3,5,5,4,3,2,3,3,6,4,2,6,6,2,3,4,"Yes, it aligned well with my personality and strengths.","Yes, I would choose the same strand.",,ISTP,Explorer
17,Female,HUMSS,3,3,4,4,3,3,2,5,3,5,1,6,6,1,4,5,5,"Yes, it aligned well with my personality and strengths.","Yes, I would choose the same strand.",,INFP,Diplomat
17,Male,HUMSS,3,3,3,4,5,2,1,4,3,1,2,2,2,3,4,3,3,"Yes, it aligned well with my personality and strengths.","Yes, I would choose the same strand.",,ENTJ,Analyst
17,Female,HUMSS,2,2,2,4,2,1,1,2,1,2,3,2,2,1,4,5,3,"Yes, it aligned well with my personality and strengths.","Yes, I would choose the same strand.",done hahaaha,ENTJ,Analyst
17,Female,HUMSS,3,5,4,5,4,2,1,3,4,3,1,1,6,1,5,5,5,"Yes, it aligned well with my personality and strengths.","Yes, I would choose the same strand.",,ENTP,Analyst
16,Male,ABM,5,5,4,4,3,4,2,2,3,4,1,5,2,4,4,4,4,"Yes, it aligned well with my personality and strengths.","Yes, I would choose the same strand.","Your research title is good because I like this kind of topic. 

I'm the Research Leader of my group, and our topic it's also about in career path of ABM students",INFJ,Diplomat
19,Male,STEM,4,4,5,5,5,4,4,4,4,3,3,1,5,5,4,4,4,"Yes, it aligned well with my personality and strengths.","Yes, I would choose the same strand.",,ENTP,Analyst
17,Female,HUMSS,4,3,2,2,3,2,2,4,3,3,2,2,3,3,3,3,2,"Yes, it aligned well with my personality and strengths.","Yes, I would choose the same strand.",,ENTJ,Analyst
16,Female,ABM,4,3,3,3,3,4,3,3,2,3,1,1,2,2,4,4,5,"Yes, it aligned well with my personality and strengths.","Yes, I would choose the same strand.",Goodluck in your research po! ,ENTJ,Analyst
16,Male,HUMSS,1,2,4,5,4,4,3,5,4,1,6,6,1,6,5,5,5,"Yes, it aligned well with my personality and strengths.","Yes, I would choose the same strand.",Thankyou ,ESFJ,Sentinel
16,Female,ABM,4,3,3,4,2,3,1,5,3,6,6,1,1,1,5,4,5,"Yes, it aligned well with my personality and strengths.","No, I would choose a different strand.",,ISTJ,Sentinel
16,Female,HUMSS,1,3,5,4,5,1,3,2,5,1,5,3,6,6,5,4,5,"Yes, it aligned well with my personality and strengths.","Yes, I would choose the same strand.",,ESTP,Explorer
17,Male,HUMSS,3,4,3,4,2,2,3,3,3,3,3,4,4,4,4,5,4,"Yes, it aligned well with my personality and strengths.","Yes, I would choose the same strand.",Very Nice,ENFP,Diplomat
16,Male,HUMSS,3,3,4,4,3,2,2,2,2,3,3,3,2,2,4,4,3,"Yes, it aligned well with my personality and strengths.","Yes, I would choose the same strand.","I donâ€™t really know what feedback to give, but I just genuinely want to help researchers who need respondents for their surveys. Also, I want/need the money too.ðŸ˜†",ENTJ,Analyst
16,Male,HUMSS,3,2,3,5,3,3,3,3,3,1,6,6,6,1,5,5,5,"Yes, it aligned well with my personality and strengths.","Yes, I would choose the same strand.",Thanks,ESFP,Explorer
17,Male,HUMSS,4,5,3,5,4,3,5,5,2,6,4,6,5,6,3,3,3,"Yes, it aligned well with my personality and strengths.","No, I would choose a different strand.",I hope na mapili haha,ISFP,Explorer
17,Female,ABM,4,5,5,4,5,4,3,5,4,6,1,4,5,6,5,4,5,"Yes, it aligned well with my personality and strengths.","Yes, I would choose the same strand.",,INFP,Diplomat
22,Male,STEM,4,5,5,5,5,4,3,5,5,1,6,1,6,1,5,5,5,"Yes, it aligned well with my personality and strengths.","Yes, I would choose the same strand.",,ESTP,Explorer
16,Female,ABM,3,3,4,4,3,4,3,2,5,6,6,1,6,1,5,3,3,"Yes, it aligned well with my personality and strengths.","Yes, I would choose the same strand.",THANK YOU!,ISTP,Explorer
17,Female,HUMSS,2,3,5,4,4,5,2,5,4,5,5,5,2,5,4,4,4,"Yes, it aligned well with my personality and strengths.","Yes, I would choose the same strand.",,ISFJ,Sentinel
22,Male,STEM,2,3,3,4,5,3,5,5,5,1,1,2,1,4,4,4,5,"Yes, it aligned well with my personality and strengths.","Yes, I would choose the same strand.",,ENTJ,Analyst
22,Male,STEM,4,4,4,4,4,1,5,4,2,5,4,5,5,4,4,4,4,"Yes, it aligned well with my personality and strengths.","Yes, I would choose the same strand.",,ISFP,Explorer
22,Male,STEM,2,3,5,3,5,1,5,4,4,4,5,3,1,5,5,4,5,"Yes, it aligned well with my personality and strengths.","Yes, I would choose the same strand.",,ISTJ,Sentinel
16,Female,HUMSS,3,3,5,5,5,3,3,3,5,4,2,2,5,5,5,5,4,"Yes, it aligned well with my personality and strengths.","Yes, I would choose the same strand.",,INTP,Analyst
16,Female,ABM,3,4,5,5,4,4,3,3,5,2,5,3,3,3,4,4,3,"Yes, it aligned well with my personality and strengths.","No, I would choose a different strand.",,ESTJ,Sentinel
21,Male,STEM,2,2,3,3,3,2,2,1,2,3,5,3,5,4,3,2,4,"Yes, it aligned well with my personality and strengths.","Yes, I would choose the same strand.",NA,ESTP,Explorer
17,Female,ABM,3,4,5,4,4,5,4,5,5,2,4,3,4,5,4,4,4,"Yes, it aligned well with my personality and strengths.","Yes, I would choose the same strand.",The questions were entertaining! Very helpful to make me realize what I am and what I prefer.,ESTP,Explorer
16,Male,ABM,3,4,5,4,4,4,3,2,4,4,5,1,5,5,3,4,3,"No, it did not match my personality and strengths.","No, I would choose a different strand.","This survey made me assess myself and the choices I've made in my SHS journey. Taking on this survey lead me to a reflection of myself and the way I've made my decisions.  Thank you for giving me, us rather, the chance to partake on your study. ",ISTP,Explorer
16,Male,ABM,3,2,3,1,2,2,2,2,2,1,6,1,6,6,5,5,5,"Yes, it aligned well with my personality and strengths.","Yes, I would choose the same strand.",,ESTP,Explorer
16,Male,ABM,4,3,3,5,4,5,3,4,4,2,5,3,5,5,4,4,4,"Yes, it aligned well with my personality and strengths.","Yes, I would choose the same strand.",Thank you.,ESTP,Explorer
16,Male,ABM,1,2,3,5,3,5,5,3,3,2,5,3,6,3,3,3,3,"Yes, it aligned well with my personality and strengths.","Yes, I would choose the same strand.",,ESTP,Explorer
21,Female,ABM,3,3,4,4,3,4,3,2,4,6,5,2,3,2,3,4,4,"Yes, it aligned well with my personality and strengths.","Yes, I would choose the same strand.",,ISTJ,Sentinel
18,Male,HUMSS,3,5,2,5,4,2,5,5,1,6,6,1,1,6,2,3,3,"Yes, it aligned well with my personality and strengths.","No, I would choose a different strand.",,ISTJ,Sentinel
16,Female,HUMSS,4,4,3,5,3,2,2,5,3,5,5,1,2,2,3,3,3,"Yes, it aligned well with my personality and strengths.","Yes, I would choose the same strand.",,ISTJ,Sentinel
18,Female,STEM,2,3,4,3,3,3,2,1,2,5,3,5,2,5,3,3,5,"Yes, it aligned well with my personality and strengths.","Yes, I would choose the same strand.",,INFJ,Diplomat
22,Male,HUMSS,4,4,4,4,5,1,1,4,4,6,6,4,1,6,4,4,4,"Yes, it aligned well with my personality and strengths.","Yes, I would choose the same strand.",,ISFJ,Sentinel
21,Female,ABM,2,2,1,3,2,4,2,3,1,3,3,4,4,4,5,4,4,"Yes, it aligned well with my personality and strengths.","Yes, I would choose the same strand.",None,ENFP,Diplomat
18,Female,ABM,2,5,2,4,3,3,4,1,2,1,1,1,4,1,4,3,3,"Yes, it aligned well with my personality and strengths.","Yes, I would choose the same strand.",,ENTP,Analyst
16,Male,STEM,2,3,5,2,2,2,4,3,1,5,3,3,3,3,3,3,4,"Yes, it aligned well with my personality and strengths.","Yes, I would choose the same strand.",,INTJ,Analyst
16,Male,STEM,3,5,5,4,4,2,5,3,3,5,4,4,5,3,3,4,4,"Yes, it aligned well with my personality and strengths.","Yes, I would choose the same strand.",,ISFP,Explorer
17,Female,STEM,3,4,2,4,3,3,3,5,5,5,5,3,3,3,4,3,3,"Yes, it aligned well with my personality and strengths.","Yes, I would choose the same strand.",,ISTJ,Sentinel
16,Female,STEM,3,4,4,4,3,3,3,3,3,4,4,3,4,3,3,3,1,"No, it did not match my personality and strengths.","No, I would choose a different strand.",,ISTP,Explorer
17,Female,STEM,3,3,3,4,4,4,3,5,3,6,4,3,4,1,4,4,4,"Yes, it aligned well with my personality and strengths.","Yes, I would choose the same strand.",I don't know what to say ,ISTP,Explorer
16,Male,STEM,3,4,5,5,3,4,2,4,2,5,3,3,3,4,5,4,5,"Yes, it aligned well with my personality and strengths.","Yes, I would choose the same strand.",,INTJ,Analyst
22,Female,HUMSS,4,4,5,3,4,2,5,4,2,6,5,5,4,5,2,4,2,"Yes, it aligned well with my personality and strengths.","No, I would choose a different strand.",,ISFP,Explorer
17,Male,STEM,3,4,2,4,4,3,4,3,2,3,3,2,3,5,5,4,4,"Yes, it aligned well with my personality and strengths.","Yes, I would choose the same strand.",Thankyouu for beautiful questions ,ENTJ,Analyst
18,Female,ABM,5,4,5,4,4,4,3,3,4,6,6,6,1,6,4,2,4,"No, it did not match my personality and strengths.","No, I would choose a different strand.",,ISFJ,Sentinel
18,Male,ABM,3,2,1,4,2,3,1,1,4,2,4,6,1,5,3,3,4,"No, it did not match my personality and strengths.","Yes, I would choose the same strand.",,ESFJ,Sentinel
17,Female,ABM,4,5,5,4,4,4,5,3,5,4,6,4,6,5,4,4,4,"Yes, it aligned well with my personality and strengths.","No, I would choose a different strand.",,ISFP,Explorer
17,Female,ABM,3,3,4,5,4,3,3,3,4,3,3,3,3,3,3,3,3,"Yes, it aligned well with my personality and strengths.","Yes, I would choose the same strand.",good and intelligent ,ENTJ,Analyst
17,Female,ABM,4,4,3,5,3,3,1,2,2,1,3,2,4,5,4,5,5,"Yes, it aligned well with my personality and strengths.","Yes, I would choose the same strand.",I'm stress for my strand because of math etc. ,ENTP,Analyst
18,Female,ABM,3,4,4,5,4,3,3,4,3,4,4,4,5,5,5,3,3,"Yes, it aligned well with my personality and strengths.","Yes, I would choose the same strand.",,ISFP,Explorer
17,Female,ABM,3,2,4,4,4,3,2,5,2,6,1,1,2,2,5,4,4,"Yes, it aligned well with my personality and strengths.","Yes, I would choose the same strand.",,INTJ,Analyst
17,Female,ABM,3,3,3,4,4,3,2,4,3,4,3,4,3,2,3,2,3,"Yes, it aligned well with my personality and strengths.","Yes, I would choose the same strand.",,INFJ,Diplomat
17,Female,ABM,3,3,3,4,3,3,4,4,3,1,2,4,4,4,1,2,2,"Yes, it aligned well with my personality and strengths.","Yes, I would choose the same strand.",None ,ENFP,Diplomat
17,Female,ABM,2,3,3,2,3,2,2,4,1,2,3,2,2,2,5,4,5,"Yes, it aligned well with my personality and strengths.","Yes, I would choose the same strand.",,ENTJ,Analyst
18,Female,ABM,3,4,4,4,4,4,4,3,4,2,1,3,3,3,4,4,5,"Yes, it aligned well with my personality and strengths.","Yes, I would choose the same strand.","thankyou for this wonderful survey:))) it will help students to rank their feelings, thoughts and decision through survey. As a student, I would like to participate this kind of survey who encourage me to rank if I'm happy with the strand that I chose:)",ENTJ,Analyst
19,Male,ABM,2,2,2,2,2,1,2,2,3,2,3,2,1,2,4,4,4,"Yes, it aligned well with my personality and strengths.","Yes, I would choose the same strand.",nice,ENTJ,Analyst
18,Female,ABM,2,2,3,3,3,2,4,5,2,5,1,4,2,3,2,2,3,"No, it did not match my personality and strengths.","No, I would choose a different strand.",,INFJ,Diplomat
17,Female,ABM,5,5,5,5,5,4,4,4,5,2,1,1,2,1,5,5,5,"Yes, it aligned well with my personality and strengths.","Yes, I would choose the same strand.","It's great, I have expressed my deepest feeling in related to my strand.",ENTJ,Analyst
17,Female,ABM,2,2,3,3,3,3,3,2,1,4,4,5,3,2,4,4,4,"Yes, it aligned well with my personality and strengths.","Yes, I would choose the same strand.",,ISFJ,Sentinel
18,Female,ABM,2,3,2,3,4,2,2,3,1,3,2,5,2,4,3,3,2,"Yes, it aligned well with my personality and strengths.","Yes, I would choose the same strand.",Medyo nakaka bleeding yung mga questioner,ENFJ,Diplomat
20,Male,STEM,4,4,3,1,1,1,4,1,3,2,5,1,4,2,5,4,5,"Yes, it aligned well with my personality and strengths.","Yes, I would choose the same strand.","good luck on your research
",ESTP,Explorer
17,Female,ABM,4,3,5,5,4,5,4,4,4,5,2,6,6,5,5,5,5,"Yes, it aligned well with my personality and strengths.","Yes, I would choose the same strand.",,INFP,Diplomat
18,Female,ABM,5,3,3,4,5,5,4,2,3,6,1,2,5,2,4,1,4,"Yes, it aligned well with my personality and strengths.","No, I would choose a different strand.",,INTP,Analyst
17,Female,ABM,4,3,4,4,4,3,3,3,3,4,3,4,5,4,4,3,4,"Yes, it aligned well with my personality and strengths.","Yes, I would choose the same strand.",,INFP,Diplomat
16,Female,STEM,3,2,2,4,3,3,4,2,2,3,4,3,4,4,4,3,4,"No, it did not match my personality and strengths.","Yes, I would choose the same strand.",,ESTP,Explorer
17,Female,ABM,2,2,2,4,2,2,3,4,1,1,2,5,4,2,3,3,4,"Yes, it aligned well with my personality and strengths.","Yes, I would choose the same strand.",,ENFP,Diplomat
18,Female,ABM,2,3,4,5,4,4,4,3,4,1,2,6,1,4,4,3,4,"Yes, it aligned well with my personality and strengths.","Yes, I would choose the same strand.",,ENFJ,Diplomat
18,Male,ABM,2,3,2,4,3,3,4,5,2,2,4,5,3,3,4,4,4,"Yes, it aligned well with my personality and strengths.","Yes, I would choose the same strand.",,ESFJ,Sentinel
17,Male,ABM,2,2,5,5,4,3,2,4,3,3,2,3,5,1,4,4,5,"Yes, it aligned well with my personality and strengths.","Yes, I would choose the same strand.",,ENTP,Analyst
20,Male,ABM,3,3,5,3,4,4,3,5,5,3,3,1,6,4,4,1,3,"Yes, it aligned well with my personality and strengths.","Yes, I would choose the same strand.",Wala naman po,ENTP,Analyst
17,Male,ABM,4,4,2,2,4,4,2,2,5,3,3,3,3,3,4,2,4,"No, it did not match my personality and strengths.","Yes, I would choose the same strand.",.,ENTJ,Analyst
20,Male,ABM,3,3,3,3,3,3,3,3,3,2,2,2,2,2,2,2,2,"Yes, it aligned well with my personality and strengths.","Yes, I would choose the same strand.",Good,ENTJ,Analyst
18,Female,ABM,1,1,1,5,5,3,1,1,5,5,3,6,2,5,3,3,4,"Yes, it aligned well with my personality and strengths.","Yes, I would choose the same strand.",nothing ,INFJ,Diplomat
18,Male,ABM,5,5,5,5,5,5,5,5,5,3,5,4,6,6,3,3,5,"Yes, it aligned well with my personality and strengths.","Yes, I would choose the same strand.",,ESFP,Explorer
17,Female,ABM,4,5,4,4,4,5,4,4,3,2,3,1,2,5,5,5,5,"Yes, it aligned well with my personality and strengths.","No, I would choose a different strand.",,ENTJ,Analyst
16,Female,STEM,3,3,4,5,3,3,3,3,2,5,4,4,4,3,5,2,4,"Yes, it aligned well with my personality and strengths.","Yes, I would choose the same strand.",,ISFP,Explorer
19,Male,ABM,3,3,5,4,4,4,4,3,4,6,6,6,6,6,4,3,3,"No, it did not match my personality and strengths.","No, I would choose a different strand.",,ISFP,Explorer
21,Female,HUMSS,2,3,4,5,4,4,2,4,2,5,6,5,2,4,4,3,4,"Yes, it aligned well with my personality and strengths.","Yes, I would choose the same strand.",,ISFJ,Sentinel
16,Female,HUMSS,3,3,4,4,4,2,1,4,4,5,5,4,5,4,5,4,5,"Yes, it aligned well with my personality and strengths.","Yes, I would choose the same strand.",,ISFP,Explorer
18,Female,STEM,4,5,3,3,2,1,4,3,2,3,2,3,1,2,4,4,3,"Yes, it aligned well with my personality and strengths.","Yes, I would choose the same strand.",,ENTJ,Analyst
18,Male,STEM,3,4,3,3,2,3,3,1,1,5,3,1,5,4,4,3,4,"Yes, it aligned well with my personality and strengths.","Yes, I would choose the same strand.",,INTP,Analyst
18,Female,STEM,2,4,4,5,3,3,4,2,3,3,2,3,2,2,4,5,3,"Yes, it aligned well with my personality and strengths.","Yes, I would choose the same strand.",,ENTJ,Analyst
20,Female,STEM,5,4,4,5,4,4,5,3,3,4,3,2,3,1,4,5,5,"Yes, it aligned well with my personality and strengths.","Yes, I would choose the same strand.",,INTJ,Analyst
19,Female,STEM,4,3,3,3,2,3,2,3,1,5,2,2,5,6,5,4,4,"Yes, it aligned well with my personality and strengths.","Yes, I would choose the same strand.",,INTP,Analyst
17,Male,STEM,3,4,5,3,4,5,3,4,5,1,3,2,1,1,4,4,3,"Yes, it aligned well with my personality and strengths.","Yes, I would choose the same strand.",,ENTJ,Analyst
18,Female,STEM,4,3,5,3,4,3,2,2,4,2,1,1,2,3,5,4,3,"Yes, it aligned well with my personality and strengths.","Yes, I would choose the same strand.",,ENTJ,Analyst
20,Female,STEM,4,4,4,4,3,3,5,3,2,5,2,1,4,4,3,2,3,"Yes, it aligned well with my personality and strengths.","Yes, I would choose the same strand.",,INTP,Analyst
19,Female,STEM,3,4,4,3,3,2,3,2,2,3,3,2,4,3,4,3,4,"Yes, it aligned well with my personality and strengths.","Yes, I would choose the same strand.",,ENTP,Analyst
21,Male,STEM,5,2,3,3,2,5,3,3,3,5,2,1,2,2,3,2,3,"No, it did not match my personality and strengths.","No, I would choose a different strand.",,INTJ,Analyst
18,Female,STEM,3,4,3,3,4,4,3,3,4,5,3,3,2,4,3,4,3,"Yes, it aligned well with my personality and strengths.","No, I would choose a different strand.",,INTJ,Analyst
18,Female,STEM,2,3,2,3,4,2,3,5,4,3,4,5,4,3,3,4,3,"Yes, it aligned well with my personality and strengths.","Yes, I would choose the same strand.",,ESFP,Explorer
19,Female,STEM,4,4,3,3,3,2,4,2,2,3,3,2,4,4,4,3,2,"Yes, it aligned well with my personality and strengths.","Yes, I would choose the same strand.",,ENTP,Analyst
21,Male,STEM,4,3,3,3,2,3,4,2,1,2,3,1,4,4,4,4,3,"Yes, it aligned well with my personality and strengths.","Yes, I would choose the same strand.",,ENTP,Analyst
21,Male,STEM,4,3,4,5,3,3,2,2,3,5,2,3,2,6,3,4,4,"Yes, it aligned well with my personality and strengths.","Yes, I would choose the same strand.",,INTJ,Analyst
20,Female,STEM,2,3,4,2,3,4,3,2,5,1,6,3,2,3,4,3,4,"No, it did not match my personality and strengths.","No, I would choose a different strand.",,ESTJ,Sentinel
21,Male,STEM,4,2,4,3,3,4,3,2,4,4,5,3,3,4,3,3,4,"No, it did not match my personality and strengths.","No, I would choose a different strand.",,ISTJ,Sentinel
22,Female,STEM,3,3,4,5,4,4,4,3,5,4,5,6,1,5,3,2,4,"No, it did not match my personality and strengths.","No, I would choose a different strand.",,ISFJ,Sentinel
20,Female,STEM,2,2,4,3,4,3,2,4,5,4,2,6,6,3,2,1,2,"No, it did not match my personality and strengths.","No, I would choose a different strand.",,INFP,Diplomat
19,Female,STEM,3,3,4,3,4,2,4,3,5,2,3,4,2,5,1,2,3,"No, it did not match my personality and strengths.","Yes, I would choose the same strand.",,ENFJ,Diplomat
19,Male,STEM,3,3,4,4,5,2,5,3,4,4,2,5,2,3,3,3,2,"No, it did not match my personality and strengths.","No, I would choose a different strand.",,INFJ,Diplomat
18,Male,STEM,3,2,4,3,3,4,3,3,4,2,4,4,2,2,4,2,2,"No, it did not match my personality and strengths.","No, I would choose a different strand.",,ESFJ,Sentinel
20,Female,STEM,3,1,3,3,4,4,3,3,4,5,4,2,3,4,3,2,4,"No, it did not match my personality and strengths.","No, I would choose a different strand.",,ISTJ,Sentinel
18,Female,STEM,4,3,3,3,4,4,3,3,5,2,4,4,2,2,3,2,2,"No, it did not match my personality and strengths.","No, I would choose a different strand.",,ESFJ,Sentinel
17,Female,STEM,4,2,3,4,3,4,4,3,5,4,3,3,2,2,3,2,1,"No, it did not match my personality and strengths.","No, I would choose a different strand.",,INTJ,Analyst
20,Female,STEM,3,3,4,4,4,4,1,3,5,6,4,5,1,1,4,1,4,"No, it did not match my personality and strengths.","No, I would choose a different strand.",,ISFJ,Sentinel
18,Male,STEM,3,3,3,3,3,3,3,3,3,3,4,4,4,3,3,3,3,"No, it did not match my personality and strengths.","No, I would choose a different strand.",,ESFP,Explorer
17,Male,STEM,3,4,3,3,3,4,4,5,3,4,4,3,4,4,4,3,3,"Yes, it aligned well with my personality and strengths.","Yes, I would choose the same strand.",,ISTP,Explorer
18,Male,STEM,3,4,3,3,4,1,2,3,4,3,2,5,4,4,4,3,2,"No, it did not match my personality and strengths.","No, I would choose a different strand.",,ENFP,Diplomat
18,Male,STEM,4,4,4,3,3,3,5,2,3,4,2,2,3,2,4,5,3,"Yes, it aligned well with my personality and strengths.","Yes, I would choose the same strand.",,INTJ,Analyst
17,Female,HUMSS,3,2,4,3,4,3,3,3,4,4,3,5,5,4,4,4,3,"Yes, it aligned well with my personality and strengths.","Yes, I would choose the same strand.",,INFP,Diplomat
18,Female,HUMSS,3,3,4,3,2,2,3,3,3,4,2,5,3,3,4,5,3,"Yes, it aligned well with my personality and strengths.","Yes, I would choose the same strand.",,INFJ,Diplomat
18,Female,HUMSS,2,4,5,4,5,2,3,3,3,2,2,6,4,2,3,4,3,"Yes, it aligned well with my personality and strengths.","Yes, I would choose the same strand.",,ENFP,Diplomat
19,Male,HUMSS,3,3,4,3,5,2,3,4,3,5,1,4,2,4,5,5,4,"Yes, it aligned well with my personality and strengths.","Yes, I would choose the same strand.",,INFJ,Diplomat
18,Male,HUMSS,3,4,3,4,5,3,2,3,4,2,3,5,4,3,3,4,5,"Yes, it aligned well with my personality and strengths.","Yes, I would choose the same strand.",,ENFP,Diplomat
19,Male,HUMSS,3,3,3,3,3,3,3,2,4,1,3,4,5,5,2,3,3,"No, it did not match my personality and strengths.","No, I would choose a different strand.",,ENFP,Diplomat
18,Male,HUMSS,1,3,5,2,5,1,3,4,3,1,3,6,5,4,4,4,4,"Yes, it aligned well with my personality and strengths.","Yes, I would choose the same strand.",,ENFP,Diplomat
18,Female,HUMSS,1,2,3,5,5,2,2,5,5,1,1,6,5,1,5,5,5,"Yes, it aligned well with my personality and strengths.","Yes, I would choose the same strand.",,ENFP,Diplomat
18,Male,HUMSS,2,2,3,4,5,3,4,3,3,2,2,4,3,3,3,3,3,"Yes, it aligned well with my personality and strengths.","Yes, I would choose the same strand.",,ENFJ,Diplomat
18,Female,HUMSS,2,2,4,4,4,2,4,4,4,4,3,4,2,6,3,3,4,"Yes, it aligned well with my personality and strengths.","Yes, I would choose the same strand.",,INFJ,Diplomat
17,Female,HUMSS,3,4,4,2,4,2,3,3,4,5,3,4,6,4,4,3,2,"Yes, it aligned well with my personality and strengths.","Yes, I would choose the same strand.",,INFP,Diplomat
17,Female,HUMSS,3,3,5,4,3,2,2,3,5,2,3,5,4,2,4,5,4,"Yes, it aligned well with my personality and strengths.","Yes, I would choose the same strand.",,ENFP,Diplomat
18,Male,HUMSS,4,3,4,3,5,4,3,5,5,6,2,6,2,4,5,4,4,"Yes, it aligned well with my personality and strengths.","Yes, I would choose the same strand.",,INFJ,Diplomat
19,Female,HUMSS,3,4,4,3,4,3,2,3,4,4,3,6,5,5,4,5,3,"Yes, it aligned well with my personality and strengths.","Yes, I would choose the same strand.",,INFP,Diplomat
20,Male,HUMSS,3,4,3,5,5,2,3,4,5,1,3,4,2,1,5,3,3,"Yes, it aligned well with my personality and strengths.","Yes, I would choose the same strand.",,ENFJ,Diplomat
19,Female,HUMSS,4,4,4,4,4,3,4,4,5,3,1,5,4,3,3,3,3,"No, it did not match my personality and strengths.","No, I would choose a different strand.",,ENFP,Diplomat
18,Female,HUMSS,4,2,4,3,4,4,3,4,4,1,4,4,2,3,4,2,3,"No, it did not match my personality and strengths.","No, I would choose a different strand.",,ESFJ,Sentinel
17,Female,HUMSS,3,3,4,5,5,2,3,4,3,3,2,3,3,2,3,2,3,"No, it did not match my personality and strengths.","No, I would choose a different strand.",,ENTJ,Analyst
19,Male,HUMSS,4,3,4,4,3,3,4,3,4,5,2,2,2,5,3,4,4,"Yes, it aligned well with my personality and strengths.","Yes, I would choose the same strand.",,INTJ,Analyst
20,Female,HUMSS,4,3,3,4,3,2,3,3,4,2,2,3,4,2,4,3,4,"No, it did not match my personality and strengths.","No, I would choose a different strand.",,ENTP,Analyst
19,Female,HUMSS,3,4,3,3,2,3,4,3,3,5,3,3,5,5,4,1,3,"No, it did not match my personality and strengths.","No, I would choose a different strand.",,INTP,Analyst
18,Female,HUMSS,4,3,4,3,4,4,3,4,5,1,4,2,5,4,2,3,3,"No, it did not match my personality and strengths.","No, I would choose a different strand.",,ESTP,Explorer
18,Female,HUMSS,2,1,3,4,3,2,4,4,4,4,5,3,6,2,4,3,3,"No, it did not match my personality and strengths.","No, I would choose a different strand.",,ISTP,Explorer
18,Male,HUMSS,3,3,2,3,2,1,3,4,3,5,4,4,4,6,4,4,4,"No, it did not match my personality and strengths.","No, I would choose a different strand.",,ISFP,Explorer
